{
  "flight": {
    "altitude": 100,
    "attack_bands": [
      2400
    ],
    "blacklisted": false,
    "confirmed": true,
    "created_time": "2025-10-13T20:42:58.490Z",
    "deleted_time": "0001-01-01T00:00:00Z",
    "description": "Simulated drone flight - test data",
    "direction": 0,
    "distance": 0,
    "height": 100,
    "id": "SIM_DRONE_022",
    "initial_location": {
      "lat": 0,
      "lng": 0
    },
    "lastseen": null,
    "lastseen_time": "2025-10-13T20:43:29.719Z",
    "latitude": 49.5298,
    "localization": null,
    "longitude": 0.0926,
    "name": "SIMULATED DRONE 22",
    "rc_location": {
      "lat": 0,
      "lng": 0
    },
    "seen_sensor": [
      {
        "bandwidth_khz": 20000,
        "detected_freq_khz": 2437000,
        "noise_dbm": 0,
        "port": "rf",
        "sensor_id": "SIM_SENSOR_01",
        "signal_dbm": 0,
        "snr_dB": 0
      }
    ],
    "speed": 0,
    "tracing": {
      "lastlen": 0,
      "origin": {
        "lat": 0,
        "lng": 0
      },
      "points": []
    },
    "whitelisted": false,
    "state": "local",
    "isAnchored": false
  },
  "comment": "",
  "anchored_at": "2025-10-13T21:27:54.819Z",
  "trace": [
    {
      "latitude": 49.5295,
      "longitude": 0.093,
      "altitude": 100
    },
    {
      "latitude": 49.5298,
      "longitude": 0.0932,
      "altitude": 100
    },
    {
      "latitude": 49.5301,
      "longitude": 0.0936,
      "altitude": 100
    },
    {
      "latitude": 49.5304,
      "longitude": 0.094,
      "altitude": 100
    },
    {
      "latitude": 49.5308,
      "longitude": 0.0943,
      "altitude": 100
    },
    {
      "latitude": 49.5311,
      "longitude": 0.0947,
      "altitude": 100
    },
    {
      "latitude": 49.5315,
      "longitude": 0.095,
      "altitude": 100
    },
    {
      "latitude": 49.5318,
      "longitude": 0.0952,
      "altitude": 100
    },
    {
      "latitude": 49.5322,
      "longitude": 0.0953,
      "altitude": 100
    },
    {
      "latitude": 49.5325,
      "longitude": 0.0952,
      "altitude": 100
    },
    {
      "latitude": 49.5328,
      "longitude": 0.095,
      "altitude": 100
    },
    {
      "latitude": 49.533,
      "longitude": 0.0947,
      "altitude": 100
    },
    {
      "latitude": 49.5333,
      "longitude": 0.0943,
      "altitude": 100
    },
    {
      "latitude": 49.5335,
      "longitude": 0.0938,
      "altitude": 100
    },
    {
      "latitude": 49.5337,
      "longitude": 0.0928,
      "altitude": 100
    },
    {
      "latitude": 49.5337,
      "longitude": 0.0922,
      "altitude": 100
    },
    {
      "latitude": 49.5336,
      "longitude": 0.0917,
      "altitude": 100
    },
    {
      "latitude": 49.5332,
      "longitude": 0.0914,
      "altitude": 100
    },
    {
      "latitude": 49.5329,
      "longitude": 0.0912,
      "altitude": 100
    },
    {
      "latitude": 49.5326,
      "longitude": 0.0911,
      "altitude": 100
    },
    {
      "latitude": 49.5321,
      "longitude": 0.0912,
      "altitude": 100
    },
    {
      "latitude": 49.5317,
      "longitude": 0.0914,
      "altitude": 100
    },
    {
      "latitude": 49.5313,
      "longitude": 0.0917,
      "altitude": 100
    },
    {
      "latitude": 49.5309,
      "longitude": 0.092,
      "altitude": 100
    },
    {
      "latitude": 49.5305,
      "longitude": 0.0922,
      "altitude": 100
    },
    {
      "latitude": 49.5301,
      "longitude": 0.0924,
      "altitude": 100
    },
    {
      "latitude": 49.5298,
      "longitude": 0.0926,
      "altitude": 100
    }
  ]
}