{
  "flight": {
    "altitude": 100,
    "attack_bands": [
      2400
    ],
    "blacklisted": false,
    "confirmed": true,
    "created_time": "2025-10-13T20:44:27.993Z",
    "deleted_time": "0001-01-01T00:00:00Z",
    "description": "Simulated drone flight - test data",
    "direction": 0,
    "distance": 0,
    "height": 100,
    "id": "SIM_DRONE_024",
    "initial_location": {
      "lat": 0,
      "lng": 0
    },
    "lastseen": null,
    "lastseen_time": "2025-10-13T20:44:31.010Z",
    "latitude": 49.5304,
    "localization": null,
    "longitude": 0.094,
    "name": "SIMULATED DRONE 24",
    "rc_location": {
      "lat": 0,
      "lng": 0
    },
    "seen_sensor": [
      {
        "bandwidth_khz": 20000,
        "detected_freq_khz": 2437000,
        "noise_dbm": 0,
        "port": "rf",
        "sensor_id": "SIM_SENSOR_01",
        "signal_dbm": 0,
        "snr_dB": 0
      }
    ],
    "speed": 0,
    "tracing": {
      "lastlen": 0,
      "origin": {
        "lat": 0,
        "lng": 0
      },
      "points": []
    },
    "whitelisted": false,
    "state": "local",
    "isAnchored": false
  },
  "comment": "",
  "anchored_at": "2025-10-13T21:26:25.959Z",
  "trace": [
    {
      "latitude": 49.5295,
      "longitude": 0.093,
      "altitude": 100
    },
    {
      "latitude": 49.5298,
      "longitude": 0.0932,
      "altitude": 100
    },
    {
      "latitude": 49.5304,
      "longitude": 0.094,
      "altitude": 100
    }
  ]
}