{
  "flight": {
    "altitude": 100,
    "attack_bands": [
      2400
    ],
    "blacklisted": false,
    "confirmed": true,
    "created_time": "2025-10-13T21:34:51.130Z",
    "deleted_time": "0001-01-01T00:00:00Z",
    "description": "Simulated drone flight - test data",
    "direction": 0,
    "distance": 0,
    "height": 100,
    "id": "SIM_DRONE_011",
    "initial_location": {
      "lat": 0,
      "lng": 0
    },
    "lastseen": null,
    "lastseen_time": "2025-10-13T21:35:17.355Z",
    "latitude": 49.53,
    "localization": null,
    "longitude": 0.089,
    "name": "SIMULATED DRONE 11",
    "rc_location": {
      "lat": 0,
      "lng": 0
    },
    "seen_sensor": [
      {
        "bandwidth_khz": 20000,
        "detected_freq_khz": 2437000,
        "noise_dbm": 0,
        "port": "rf",
        "sensor_id": "SIM_SENSOR_01",
        "signal_dbm": 0,
        "snr_dB": 0
      }
    ],
    "speed": 0,
    "tracing": {
      "lastlen": 0,
      "origin": {
        "lat": 0,
        "lng": 0
      },
      "points": []
    },
    "whitelisted": false,
    "state": "local",
    "anchorState": "none"
  },
  "comment": "",
  "anchored_at": "2025-10-13T21:35:55.435Z",
  "trace": [
    {
      "latitude": 49.53,
      "longitude": 0.09,
      "altitude": 100
    },
    {
      "latitude": 49.5302,
      "longitude": 0.0903,
      "altitude": 100
    },
    {
      "latitude": 49.5304,
      "longitude": 0.0907,
      "altitude": 100
    },
    {
      "latitude": 49.5306,
      "longitude": 0.091,
      "altitude": 100
    },
    {
      "latitude": 49.5308,
      "longitude": 0.0913,
      "altitude": 100
    },
    {
      "latitude": 49.531,
      "longitude": 0.0915,
      "altitude": 100
    },
    {
      "latitude": 49.5312,
      "longitude": 0.0917,
      "altitude": 100
    },
    {
      "latitude": 49.5315,
      "longitude": 0.0918,
      "altitude": 100
    },
    {
      "latitude": 49.5317,
      "longitude": 0.0917,
      "altitude": 100
    },
    {
      "latitude": 49.5323,
      "longitude": 0.091,
      "altitude": 100
    },
    {
      "latitude": 49.5325,
      "longitude": 0.0905,
      "altitude": 100
    },
    {
      "latitude": 49.5327,
      "longitude": 0.09,
      "altitude": 100
    },
    {
      "latitude": 49.5329,
      "longitude": 0.0895,
      "altitude": 100
    },
    {
      "latitude": 49.533,
      "longitude": 0.089,
      "altitude": 100
    },
    {
      "latitude": 49.533,
      "longitude": 0.0885,
      "altitude": 100
    },
    {
      "latitude": 49.5328,
      "longitude": 0.088,
      "altitude": 100
    },
    {
      "latitude": 49.5325,
      "longitude": 0.0877,
      "altitude": 100
    },
    {
      "latitude": 49.5322,
      "longitude": 0.0875,
      "altitude": 100
    },
    {
      "latitude": 49.5319,
      "longitude": 0.0874,
      "altitude": 100
    },
    {
      "latitude": 49.5315,
      "longitude": 0.0875,
      "altitude": 100
    },
    {
      "latitude": 49.5312,
      "longitude": 0.0877,
      "altitude": 100
    },
    {
      "latitude": 49.5309,
      "longitude": 0.0879,
      "altitude": 100
    },
    {
      "latitude": 49.5306,
      "longitude": 0.0881,
      "altitude": 100
    },
    {
      "latitude": 49.5303,
      "longitude": 0.0883,
      "altitude": 100
    },
    {
      "latitude": 49.5301,
      "longitude": 0.0886,
      "altitude": 100
    },
    {
      "latitude": 49.53,
      "longitude": 0.089,
      "altitude": 100
    }
  ]
}